{
  "ground": true,
  "cameraPosition": [
    2.170473,
    2.457,
    2.708889
  ],
  "cameraRotation": [
    18.0958977,
    193.878891,
    0.238684639
  ],
  "groundPosition": [
    1.46047318,
    0.0,
    -1.58511126
  ],
  "assetsData": []
}